00008086,00003B32,0,0,0,0,0,intel_ips
00008086,00003259,0,0,0,0,0,isst_if_mbox_pci
00008086,00003251,0,0,0,0,0,isst_if_mmio
00008086,00000F38,0,0,0,0,0,intel_atomisp2_pm
00008086,000002A6,0,0,0,0,0,intel_th_pci
00001014,000004A9,0,0,0,0,0,rsxx
00001344,00005150,0,0,0,0,0,mtip32xx
0000105A,00008000,0,0,0,0,0,sx8
00001332,00005415,0,0,0,0,0,umem
00008086,00001221,0,0,0,0,0,i82092
00001013,00001100,0,0,0,0,0,pd6729
0000104C,00008011,0,0,06,07,00,yenta_socket
00008086,00000443,0,0,0,0,0,qat_dh895xccvf
00008086,000019E2,0,0,0,0,0,qat_c3xxx
00008086,000019E3,0,0,0,0,0,qat_c3xxxvf
00008086,000037C9,0,0,0,0,0,qat_c62xvf
00008086,00000435,0,0,0,0,0,qat_dh895xcc
00008086,000037C8,0,0,0,0,0,qat_c62x
0000177D,00000012,0,0,0,0,0,n5pf
00001022,00001456,0,0,0,0,0,ccp
000010EE,00009038,000016AE,0000C522,0,0,0,crypto_safexcel
0000102B,00000525,0,0,0,0,0,matrox_w1
0000494F,000007D0,0,0,0,0,0,gpio-pcie-idio-24
0000494F,00000DC8,0,0,0,0,0,gpio-pci-idio-16
000010DB,0000802E,0,0,0,0,0,gpio-ml-ioh
00001022,0000746B,0,0,0,0,0,gpio-amd8111
0000111D,00008088,0,0,06,80,0,ntb_hw_idt
00008086,00000E0D,0,0,0,0,0,ntb_hw_intel
00001180,00000852,0,0,0,0,0,r852
000011AB,00004100,0,0,0,0,0,cafe_nand
00008086,00000701,0,0,0,0,0,denali_pci
00008086,0000500D,0,0,0,0,0,intel_vr_nor
00001011,00001065,00000000,00000000,0,0,0,pci
00001166,00000201,0,0,0,0,0,scb2_flash
00001022,00007410,0,0,0,0,0,amd76xrom
0000177D,0000A02B,0,0,0,0,0,mdio-thunder
000014C1,00000008,0,0,0,0,0,myri10ge
000010B7,00001700,0,0,0,0,0,skge
00001148,00009000,0,0,0,0,0,sky2
000019EE,00004000,000019EE,0,0,0,0,nfp
000014E4,00001639,0,0,0,0,0,bnx2
0000106B,00001645,0,0,0,0,0,tg3
00001077,000016A1,0,0,0,0,0,bnx2x
000014E4,00001604,0,0,0,0,0,bnxt_en
000014E4,0000170C,0,0,0,0,0,b44
00001D0F,00000051,0,0,0,0,0,ena
000016C6,00008841,0,0,0,0,0,ksz884x
000010B8,00000005,00001092,00000AB4,0,0,0,epic100
00001055,0000E420,0,0,0,0,0,smsc9420
000015EC,00005000,0,0,0,0,0,ec_bhf
00008086,00001029,0,0,02,00,0,e100
00008086,00000D9F,0,0,0,0,0,igc
00008086,000010CA,0,0,0,0,0,igbvf
00008086,0000124C,0,0,0,0,0,ice
00008086,00000D4C,0,0,0,0,0,e1000e
00008086,00001000,0,0,0,0,0,e1000
00008086,0000154C,0,0,0,0,0,iavf
00008086,000010B6,0,0,0,0,0,ixgbe
00008086,00001048,0,0,0,0,0,ixgb
00008086,000015A4,0,0,0,0,0,fm10k
00008086,000010ED,0,0,0,0,0,ixgbevf
00008086,00000CF8,0,0,0,0,0,i40e
00008086,00000438,0,0,0,0,0,igb
00001425,00004000,0,0,0,0,0,cxgb4
00001425,00000007,0,00000000,0,0,0,cxgb
00001425,00004800,0,0,0,0,0,cxgb4vf
00001425,00000020,0,0,0,0,0,cxgb3
000017D5,00005731,0,0,0,0,0,s2io
000017D5,00005733,0,0,0,0,0,vxge
00001B36,00000006,0,0,0,0,0,rocker
00001106,00003119,0,0,0,0,0,via-velocity
00001106,00003043,0,0,0,0,0,via-rhine
000010DF,00000720,0,0,0,0,0,be2net
000011C1,0000ED00,0,0,0,0,0,et131x
00001055,00007430,0,0,0,0,0,lan743x
000010DE,00000037,0,0,0,0,0,forcedeth
00001657,00000014,0,0,02,00,0,bna
00001D6A,00000001,0,0,0,0,0,atlantic
00000E11,0000AE32,0,0,0,0,0,tlan
00008086,00000937,0,0,0,0,0,dwmac-intel
00000700,00001108,0,0,0,0,0,stmmac-pci
000017F3,00006040,0,0,0,0,0,r6040
00001DD8,00001002,0,0,0,0,0,ionic
0000177D,0000A01E,0,0,0,0,0,nicpf
0000177D,0000A026,0,0,0,0,0,thunder_bgx
0000177D,00000011,0000177D,0000A11E,0,0,0,nicvf
0000177D,0000A056,0,0,0,0,0,thunder_xcv
0000177D,0000A00C,0000177D,0000A10C,0,0,0,cavium_ptp
0000177D,00000091,0,0,0,0,0,liquidio
0000177D,00009712,0,0,0,0,0,liquidio_vf
00000001,00008168,0,00002410,0,0,0,r8169
00000357,0000000A,0,0,0,0,0,8139cp
0000018A,00000106,0,0,0,0,0,8139too
00001011,0000001A,0,0,02,00,0,acenic
00001318,00000911,0,0,0,0,0,hamachi
00001000,00000701,0,0,0,0,0,yellowfin
000015B3,00001011,0,0,0,0,0,mlx5_core
000015B3,0000CB20,0,0,0,0,0,mlxsw_switchib
000015B3,0000C738,0,0,0,0,0,mlxsw_switchx2
000015B3,0000CB84,0,0,0,0,0,mlxsw_spectrum
000015B3,00001002,0,0,0,0,0,mlx4_core
00001077,00001634,0,0,0,0,0,qede
00001077,00003022,0,0,0,0,0,qla3xxx
00001077,00008020,0,0,02,00,00,qlcnic
00004040,00000001,0,0,02,00,00,netxen_nic
00001FC9,00003009,0,0,0,0,0,tehuti
000010B9,00005261,0,0,0,0,0,uli526x
00001011,00000009,0,0,0,0,0,tulip
00001282,00009009,0,0,0,0,0,dmfe
00001050,00000840,0,00008153,0,0,0,winbond-840
0000115D,00000003,0,0,0,0,0,xircom_cb
00001011,00000002,0,0,0,0,0,de2104x
000016C3,00007302,0,0,0,0,0,dwc-xlgmac
000019E5,00000200,0,0,0,0,0,hinic
0000100B,00000020,000012D9,0000000C,0,0,0,natsemi
0000100B,00000022,0,0,0,0,0,ns83820
00001969,00001062,0,0,0,0,0,atl1c
00001969,00001090,0,0,0,0,0,alx
00001969,00002048,0,0,0,0,0,atl2
00001969,00001048,0,0,0,0,0,atl1
00001969,00001026,0,0,0,0,0,atl1e
00001050,00000940,0,0,0,0,0,ne2k-pci
00009004,00006915,0,0,0,0,0,starfire
00001137,00000043,0,0,0,0,0,enic
0000197B,00000250,0,0,0,0,0,jme
00001088,00002031,0,0,0,0,0,sc92031
00001AE0,00000042,0,0,0,0,0,gve
000010EE,00000100,0,0,0,0,0,sfc
00001924,00000703,0,0,0,0,0,sfc-falcon
00001039,00000900,0,0,0,0,0,sis900
00001039,00000190,0,0,0,0,0,sis190
00001516,00000800,0,0,0,0,0,fealnx
00001022,00001458,0,0,0,0,0,amd-xgbe
00001022,00002000,0,0,0,0,0,pcnet32
00001022,00007462,00000000,00000000,0,0,0,amd8111e
00001186,00004000,0,0,0,0,0,dl2k
00001186,00001002,00001186,00001002,0,0,0,sundance
000017CD,0000E007,0,0,0,0,0,macb_pci
0000106B,00000021,0,0,0,0,0,sungem
0000100B,00000035,0,0,0,0,0,cassini
0000108E,0000ABCD,0,0,0,0,0,niu
0000108E,00001001,0,0,0,0,0,sunhme
000010B7,00009900,0,0,0,0,0,typhoon
000010B7,00001201,0,0,0,0,0,3c59x
000011AB,00002B30,0,0,0,0,0,mwifiex_pcie
000011AB,00002A0A,0,0,0,0,0,mwl8k
000014E4,00004354,0,0,02,80,0,brcmfmac
000017CB,00001101,0,0,0,0,0,ath11k_pci
00000777,000011AC,0,0,0,0,0,ath10k_pci
000010B7,00000013,0,0,0,0,0,ath5k
0000168C,0000FF1C,0,0,0,0,0,ath9k_pci_owl_loader
0000168C,00000023,0,0,0,0,0,ath9k
000017CB,00001201,0,0,0,0,0,wil6210
00001814,00000301,0,0,0,0,0,rt61pci
00001432,00007708,0,0,0,0,0,rt2800pci
00001814,00000101,0,0,0,0,0,rt2400pci
00001814,00000201,0,0,0,0,0,rt2500pci
000014C3,00007603,0,0,0,0,0,mt7603e
000014C3,00007602,0,0,0,0,0,mt76x2e
000014C3,00007611,0,0,0,0,0,mt7615e
000014C3,00007610,0,0,0,0,0,mt76x0e
00008086,00001043,0000103C,00002741,0,0,0,ipw2200
00008086,00001043,00008086,00002520,0,0,0,ipw2100
00008086,00000082,0,00001301,0,0,0,iwlwifi
00008086,00004222,0,00001005,0,0,0,iwl3945
00008086,00004229,0,0,0,0,0,iwl4965
000010EC,0000818B,0,0,0,0,0,rtl8192ee
000010EC,0000B723,0,0,0,0,0,rtl8723be
000010EC,00008179,0,0,0,0,0,rtl8188ee
000010EC,00008176,0,0,0,0,0,rtl8192ce
000010EC,00008723,0,0,0,0,0,rtl8723ae
000010EC,0000002B,0,0,0,0,0,rtl8192de
000010EC,00008812,0,0,0,0,0,rtl8821ae
000010EC,00008171,0,0,0,0,0,rtl8192se
000010EC,0000C822,0,0,0,0,0,rtw88_8822ce
000010EC,0000B822,0,0,0,0,0,rtw88_8822be
000010EC,0000D723,0,0,0,0,0,rtw88_8723de
000010EC,00008180,0,0,0,0,0,rtl818x_pci
00001BB5,00000008,0,0,0,0,0,qtnfmac_pcie
000014B9,00000001,0,0,0,0,0,airo
000010B7,00006001,0,0,0,0,0,p54pci
000010B7,00007770,0,0,0,0,0,hostap_plx
00001260,00003872,0,0,0,0,0,hostap_pci
000015E8,00000131,0,0,0,0,0,orinoco_tmd
000010B7,00007770,0,0,0,0,0,orinoco_plx
0000126C,00008030,0,0,0,0,0,orinoco_nortel
000010B7,00006000,0,0,0,0,0,adm8211
00001114,00000506,0,0,0,0,0,atmel_pci
0000104A,0000CC11,0,0,0,0,0,c_can_pci
0000001C,00000001,0,0,0,0,0,peak_pci
00001C29,00001703,0,0,0,0,0,f81601
000010E8,00008406,0,0,0,0,0,kvaser_pci
000010B5,00009030,000010B5,00004000,0,0,0,ems_pci
000010B5,00002715,0,0,0,0,0,plx_pci
00001A07,0000000D,0,0,0,0,0,kvaser_pciefd
0000001C,00000013,0,0,0,0,0,peak_pciefd
00001011,00000009,00001376,0,0,0,0,lmc
00001176,00000104,0,0,0,0,0,wanxl
00001619,00000400,0,0,0,0,0,farsync
000010B5,00009050,000010B5,00003196,0,0,0,pci200syn
0000120E,00000300,0,0,0,0,0,pc300too
00001148,00004000,0,0,0,0,0,skfp
00001011,0000000F,0,0,0,0,0,defxx
000010B5,00002200,0,0,0,0,0,com20020-pci
000015AD,000007B0,0,0,0,0,0,vmxnet3
00001172,00004D45,0,0,0,0,0,mcb-pci
00008086,000025F0,0,0,0,0,0,i5k_amb
00001022,0000141E,0,0,0,0,0,fam15h_power
00001106,00008235,0,0,0,0,0,vt8231
00008086,00003438,0,0,0,0,0,i5500_temp
00001106,00003057,0,0,0,0,0,via686a
00001022,00001203,0,0,0,0,0,k10temp
00001039,00000008,0,0,0,0,0,sis5595
00001022,00001103,0,0,0,0,0,k8temp
000014E4,00000576,0,0,0,0,0,bcma
000011AB,00004102,0,0,0,0,0,cafe_ccic
00005046,00001001,0,0,0,0,0,radio-maxiradio
00001797,00006864,0,0,0,0,0,tw686x
0000136B,0000FF01,0,0,0,0,0,meye
000014F1,00005B7A,0,0,0,0,0,cx18
0000109E,00000350,0,0,0,0,0,bttv
0000109E,00000878,00000071,00000101,0,0,0,bt878
0000109F,0000036F,0,0,0,0,0,dm1105
000014F1,00008852,0,0,0,0,0,cx23885
00001131,00007164,0,0,0,0,0,saa7164
000018C3,00000720,00001461,0000062E,0,0,0,ngene
00000432,00000001,0,0,0,0,0,pluto2
00008086,00009D32,0,0,0,0,0,ipu3-cio2
00008086,00001223,0,0,0,0,0,dt3155
00001ADE,00003038,000013C2,00003016,0,0,0,smipcie
000014F1,00008801,0,0,0,0,0,cx88-alsa
000014F1,00008802,0,0,0,0,0,cx8802
000014F1,00008800,0,0,0,0,0,cx8800
0000DD01,00000002,0000DD01,0,0,0,0,ddbridge
00001B55,000018F6,0,0,0,0,0,netup-unidvb
00001137,00002732,0,0,0,0,0,cobalt
00001822,00004E35,0000153B,00001178,0,0,0,mantis
00001822,00004E35,00001822,00000028,0,0,0,hopper
00001131,00007146,00001131,00004F52,0,0,0,budget
00001131,00007146,000013C2,0000100C,0,0,0,budget-ci
00001131,00007146,00001131,00000010,0,0,0,budget-av
00001131,00007146,0000110A,00000000,0,0,0,dvb-ttpci
00001131,00007146,00000000,00000000,0,0,0,mxb
00001131,00007146,00000000,00000000,0,0,0,hexium_orion
00001131,00007146,000017C8,00002401,0,0,0,hexium_gemini
000014F1,00008210,00000000,00000000,0,0,0,cx25821
000014F1,00000920,0,0,0,0,0,cx25821-alsa
000010EE,0000211A,0,0,0,0,0,earth-pt1
00004444,00000016,0,0,0,0,0,ivtv
00001172,00004C15,0000EE8D,00000368,0,0,0,earth-pt3
00001BB3,00004304,0,0,0,0,0,solo6x10
00001131,00007130,00000000,00004016,0,0,0,saa7134
000013D0,00002103,0,0,0,0,0,b2c2-flexcop-pci
00001002,00001304,0,0,0,0,0,radeon
000010DE,*sv*sd*b,,,,,,nouveau
00001B36,00000100,0,0,03,00,0,qxl
00001234,00001111,00001AF4,00001100,0,0,0,bochs-drm
000080EE,0000BEEF,0,0,0,0,0,vboxvideo
00008086,00000BE0,0,0,0,0,0,gma500_gfx
0000102B,00000520,0,0,0,0,0,mgag200
00001A03,00002000,0,0,03,0,0,ast
00008086,00000042,0,0,03,0,0,i915
00001013,000000B8,00001AF4,00001100,0,0,0,cirrus
00001002,00001304,0,0,0,0,0,amdgpu
000015AD,00000405,0,0,0,0,0,vmwgfx
0000126F,00000750,0,0,0,0,0,sm750fb
000007AA,00000044,0,0,0,0,0,r8192e_pci
00008086,00001919,0,0,0,0,0,ipu3-imgu
00001106,00003253,0,0,0,0,0,vt6655_stage
00001077,00008000,0,0,0,0,0,qlge
000013FE,00001760,0,0,0,0,0,adv_pci1760
000014DC,00000000,0,0,0,0,0,amplc_pci230
000015B8,00001004,0,0,0,0,0,addi_apci_2032
00001307,0000001D,0,0,0,0,0,cb_pcidas64
00001093,00001710,0,0,0,0,0,ni_65xx
000013FE,00001720,0,0,0,0,0,adv_pci1720
000013FE,00001724,0,0,0,0,0,adv_pci1724
00001307,00000029,0,0,0,0,0,das08_pci
000014DC,0000000A,0,0,0,0,0,amplc_dio200_pci
000013FE,00001723,0,0,0,0,0,adv_pci1723
000010B5,00001050,0,0,0,0,0,dyna_pci10xx
00001307,00000020,0,0,0,0,0,cb_pcidda
00001221,00008172,0,0,0,0,0,contec_pci_dio
0000144A,00007230,0,0,0,0,0,adl_pci7x3x
000015B8,00001006,0,0,0,0,0,addi_apci_1564
00001402,00002000,0,0,0,0,0,me_daq
000010B5,00009050,00009999,00006208,0,0,0,adl_pci6208
0000104C,00008000,0,0,0,0,0,icp_multi
00001093,00000161,0,0,0,0,0,ni_labpc_pci
00001616,00000409,00001616,00000002,0,0,0,daqboard2000
000015B8,00003001,0,0,0,0,0,addi_apci_3501
00001093,00001150,0,0,0,0,0,ni_pcidio
0000144A,00009111,0,0,0,0,0,adl_pci9111
000014DC,00000007,0,0,0,0,0,amplc_pci224
00001093,00001290,0,0,0,0,0,ni_670x
00001307,00000053,0,0,0,0,0,cb_pcimdda
00001116,00000022,0,0,0,0,0,dt3000
0000144A,00008164,0,0,0,0,0,adl_pci8164
00001093,00000162,0,0,0,0,0,ni_pcimio
000015B8,00001000,0,0,0,0,0,addi_apci_1516
00001402,00004650,0,0,0,0,0,me4000
000014DC,00000009,0,0,0,0,0,amplc_pci236
00001307,00000001,0,0,0,0,0,cb_pcidas
000015B8,00001003,0,0,0,0,0,addi_apci_1032
000013FE,00001710,00001000,0000D100,0,0,0,adv_pci1710
000010E8,0000818D,0,0,0,0,0,addi_apci_3120
000015B8,00001005,0,0,0,0,0,addi_apci_2200
000014DC,0000000C,0,0,0,0,0,amplc_pci263
000010E8,000080D9,0,0,0,0,0,adl_pci9118
00001762,00001111,0,0,0,0,0,jr3_pci
000013FE,00001730,0,0,0,0,0,adv_pci_dio
000010B5,00009080,000010B5,00002400,0,0,0,gsc_hpdi
000015B8,00001009,0,0,0,0,0,addi_apci_16xx
00001001,00000014,0,0,0,0,0,ke_counter
00001131,00007146,00006000,00000272,0,0,0,s626
00001093,00000160,0,0,0,0,0,8255_pci
00001093,00001310,0,0,0,0,0,ni_660x
00001307,00000056,0,0,0,0,0,cb_pcimdas
0000186C,00000624,0,0,0,0,0,mf6x4
00001435,00004520,0,0,0,0,0,rtd520
00001093,00002B10,0,0,0,0,0,ni_6527
000015B8,00003002,0,0,0,0,0,addi_apci_3xxx
000010E8,000080FC,0,0,0,0,0,addi_apci_1500
00001C33,00004B03,0,0,0,0,0,kpc2000
00001AC1,0000089A,0,0,0,0,0,apex
000010EC,00005208,0,0,FF,0,0,rts5208
000013A8,00000152,00001014,000003D4,0,0,0,8250_exar
00008086,0000081B,0,0,0,0,0,8250_mid
00008086,00000936,0,0,0,0,0,8250_lpss
000011FE,00000040,0,0,0,0,0,rp2
0000114F,00000028,0,0,0,0,0,jsm
00001931,0000000C,0,0,0,0,0,nozomi
000013C0,00000070,0,0,0,0,0,synclink_gt
00001393,00000001,0,0,0,0,0,mxser
000011FE,00000001,0,0,0,0,0,rocket
0000120E,00000100,0,0,0,0,0,cyclades
00001393,00002040,0,0,0,0,0,moxa
000010B5,00002028,0,0,0,0,0,isicom
000014A4,00004318,0,0,0,0,0,ssb
00008086,00001513,00002222,00001111,08,80,00,thunderbolt
00001414,00005353,00000000,00000000,0,0,0,hyperv_fb
00005333,00008A20,0,0,0,0,0,savagefb
000010CF,0000202B,0,0,0,0,0,carminefb
0000EDD8,0000A099,0,0,0,0,0,arkfb
00001106,00001122,0,0,0,0,0,viafb
000010DE,00000020,0,0,0,0,0,rivafb
000010DE,*sv*sd*b,,,,,,nvidiafb
000010EA,00002000,0,0,0,0,0,cyber2000fb
00001023,00008400,0,0,0,0,0,tridentfb
0000102B,00000519,0,0,0,0,0,matroxfb_base
0000121A,00000003,0,0,03,0,0,tdfxfb
0000104A,00000010,0,0,0,0,0,kyrofb
000010C8,00000001,0,0,0,0,0,neofb
00008086,00002562,0,0,03,00,0,intelfb
00001002,00004C45,0,0,0,0,0,aty128fb
00001002,00003150,0,0,0,0,0,radeonfb
00001002,00004354,0,0,0,0,0,atyfb
00008086,000000D1,0,0,0,0,0,i740fb
00003D3D,0000000A,0,0,0,0,0,pm3fb
000010CF,00002019,0,0,0,0,0,mb862xxfb
0000126F,00000710,0,0,0,0,0,sm712fb
00005333,00005631,0,0,0,0,0,s3fb
00001039,00000300,0,0,0,0,0,sisfb
00001013,00000038,0,0,0,0,0,cirrusfb
0000104C,00003D07,0,0,0,0,0,pm2fb
00001106,00003122,0,0,0,0,0,vt8623fb
*d*sv*sd,,,,,,,firewire-ohci
0000104C,00008000,0,0,0,0,0,nosy
00001106,00009530,0,0,0,0,0,via-sdmmc
00001179,00000805,0,0,0,0,0,toshsd
00001022,*sv*sd*b,,,,,,sdhci-pci
000010B5,00005406,000010B5,00009054,06,80,00,isp1760
0000104A,0000CC02,0,0,0,0,0,dwc2_pci
000010DB,0000801D,0,0,0C,03,FE,pch_udc
00001022,00002096,0,0,0C,03,FE,amd5536udc_pci
0000102F,00000107,0,0,0C,03,FE,goku_udc
000010B5,00003272,0,0,0,0,0,net2272
000010B5,00002380,0,0,0C,03,FE,net2280
00001022,00007912,0,0,0,0,0,dwc3-pci
000016C3,0000ABCD,0,0,0C,03,0,dwc3-haps
0000153F,00001004,0,0,0,0,0,ci_hdrc_pci
00008086,000002FC,0,0,0,0,0,intel-ish-ipc
00001077,00004010,0,0,0,0,0,qla4xxx
00001000,00000064,0,0,0,0,0,mpt3sas
00001022,00002020,0,0,0,0,0,am53c974
0000104B,00000140,0,0,0,0,0,BusLogic
00001137,00000046,0,0,0,0,0,snic
00001103,00002710,0,0,0,0,0,mvsas
00001077,00001016,0,0,0,0,0,qla1280
00000E11,*sv*sd*b,,,,,,hpsa
00001657,00000013,0,0,0,0,0,bfa
000013C1,00001002,0,0,0,0,0,3w-9xxx
00001191,00008002,0,0,0,0,0,atp870u
00001101,00000002,0,0,0,0,0,initio
000013C1,00001010,0,0,0,0,0,3w-sas
000015AD,000007C0,0,0,0,0,0,vmw_pvscsi
00001077,00002031,0,0,0,0,0,qla2xxx
00001137,00000045,0,0,0,0,0,fnic
00009005,00000410,0,0,0,0,0,aic94xx
000011F8,00005220,0,0,0,0,0,pmcraid
0000101E,00009010,0,0,0,0,0,megaraid
00001014,00000180,00001014,00000264,0,0,0,ipr
00009005,0000028F,00001028,00001FE0,0,0,0,smartpqi
000013C1,00001000,0,0,0,0,0,3w-xxxx
00001DE1,00000391,0,0,0,0,0,dc395x
00001044,0000A501,0,0,0,0,0,dpt_i2o
00001000,00000001,0,0,0,0,0,sym53c8xx
00001077,0000165E,0,0,0,0,0,qedi
0000117C,00000042,0,0,0,0,0,pm80xx
000010CD,00001100,0,0,0,0,0,advansys
000010DF,00000724,0,0,0,0,0,lpfc
00001B4B,00009143,0,0,0,0,0,mvumi
00001011,00001065,00001069,00000020,0,0,0,myrb
00009004,00000078,0,0,01,00,0,aic7xxx
00009005,00008000,00009005,00000060,01,00,0,aic79xx
00001014,0000002E,0,0,0,0,0,ips
00008086,00001D60,0,0,0,0,0,isci
0000134A,00000001,0,0,0,0,0,dmx3191d
00001103,00003020,0,0,0,0,0,hptiop
00001425,00004600,0,0,0,0,0,csiostor
0000101C,00003296,0,0,0,0,0,wd719x
000016C3,0000B101,0,0,0,0,0,tc-dwc-g210-pci
0000144D,0000C00C,0,0,0,0,0,ufshcd-pci
00001000,00000014,0,0,0,0,0,megaraid_sas
00001000,00000407,0,0,0,0,0,megaraid_mbox
0000105A,00003360,0,0,0,0,0,stex
00001036,00000000,0,0,0,0,0,fdomain_pci
00001069,00000050,0,0,0,0,0,myrs
0000117C,00000049,0000117C,00000049,0,0,0,esas2r
00001101,00001060,0,0,0,0,0,a100u2w
000017D3,00001110,0,0,0,0,0,arcmsr
00001011,00000046,0000103C,000010C2,0,0,0,aacraid
00001077,0000165C,0,0,0,0,0,qedf
000010DF,00000722,0,0,0,0,0,be2iscsi
000016C3,0000EDDA,0,0,0,0,0,dw-edma-pcie
00008086,00000827,0,0,0,0,0,dw_dmac_pci
000010B5,000087D0,0,0,08,80,00,plx_dma
00008086,00000B00,0,0,0,0,0,ioatdma
00008086,00000B25,0,0,0,0,0,idxd
00008086,00000108,0,0,0,0,0,ie31200_edac
00008086,00004030,0,0,0,0,0,i5400_edac
00008086,000029F0,0,0,0,0,0,i3200_edac
00008086,0000277C,0,0,0,0,0,i82975x_edac
00008086,000029E0,0,0,0,0,0,x38_edac
00008086,0000360C,0,0,0,0,0,i7300_edac
00008086,00002C90,0,0,0,0,0,i7core_edac
00008086,00002778,0,0,0,0,0,i3000_edac
00008086,00003590,0,0,0,0,0,e752x_edac
00008086,000025F0,0,0,0,0,0,i5000_edac
00008086,000065F0,0,0,0,0,0,i5100_edac
0000197B,00002383,0,0,0,0,0,jmb38x_ms
00001180,00000592,0,0,0,0,0,r592
0000131F,00001010,0,0,0,0,0,parport_serial
000010B5,00009050,0000D84D,00004014,0,0,0,parport_pc
0000111D,000080AB,0,0,0,0,0,tsi721_mport
00008086,000027B0,0,0,0,0,0,leds-ss4200
00001498,000030C8,00001498,0000300A,0,0,0,tpci200
00008086,00002410,0,0,0,0,0,intel-rng
00001022,00007443,0,0,0,0,0,amd-rng
000010EE,0000EBEB,0,0,0,0,0,xillybus_pcie
00001389,00000001,0,0,0,0,0,applicom
0000103C,0000121A,0,0,0,0,0,ipmi_si
00001039,00000530,0,0,06,00,00,sis-agp
00001D0F,0000EFA0,0,0,0,0,0,efa
000015AD,00000820,0,0,0,0,0,vmw_pvrdma
00008086,000024F0,0,0,0,0,0,hfi1
00001077,00007220,0,0,0,0,0,ib_qib
00001137,000000CF,0,0,0,0,0,usnic_verbs
000015B3,00005A44,0,0,0,0,0,ib_mthca
0000E159,00000002,00000051,00000001,0,0,0,speedfax
0000E159,00000001,0,0,0,0,0,netjet
00001244,00000A00,0,0,0,0,0,avmfritz
00001048,00001000,0,0,0,0,0,mISDNinfineon
00000675,00001702,0,0,0,0,0,w6692
00000871,0000FFA1,0,0,0,0,0,hfcpci
000010B5,00009030,00001397,00003136,0,0,0,hfcmulti
00001080,0000C693,0,0,0,0,0,pata_cypress
00001103,00000003,0,0,0,0,0,pata_hpt3x3
00001191,00000005,0,0,0,0,0,pata_artop
00001095,00000643,0,0,0,0,0,pata_cmd64x
00001283,00008211,0,0,0,0,0,pata_it821x
00000E11,0000AE33,0,0,0,0,0,pata_triflex
00008086,00001234,0,0,0,0,0,pata_mpiix
0000100B,00000002,0,0,0,0,0,pata_ns87415
00001055,00009130,0,0,0,0,0,pata_efar
0000169C,00000044,0,0,0,0,0,pata_netcell
00001103,00000004,0,0,0,0,0,pata_hpt37x
0000105A,00006622,0,0,0,0,0,sata_sx4
00001166,00000240,0,0,0,0,0,sata_svw
00001179,00000101,0,0,0,0,0,pata_piccolo
000017F3,00001011,0,0,0,0,0,pata_rdc
0000197B,*sv*sd*b,,,,,,pata_jmicron
00001039,00000180,0,0,0,0,0,sata_sis
00001283,00008213,0,0,0,0,0,pata_it8213
00001166,00000211,0,0,0,0,0,pata_serverworks
00001106,00000415,0,0,0,0,0,pata_via
00000014,00007A08,0,0,0,0,0,ahci
00001106,00000591,0,0,0,0,0,sata_via
00001095,00000680,0,0,0,0,0,pata_sil680
00001042,00001000,0,0,0,0,0,pata_rz1000
00001191,0000000D,0,0,0,0,0,acard-ahci
0000105A,00000D30,0,0,0,0,0,pata_pdc202xx_old
00001191,0000000A,0,0,0,0,0,pata_atp867x
000015E9,00001841,0,0,0,0,0,pdc_adma
00001045,0000D568,0,0,0,0,0,pata_optidma
000015E9,00002068,0,0,0,0,0,sata_qstor
00001725,00007174,0,0,01,06,00,sata_vsc
00001095,00000640,0,0,0,0,0,pata_cmd640
00001103,00001720,0,0,0,0,0,sata_mv
000010DE,00000036,0,0,0,0,0,sata_nv
00001045,0000C621,0,0,0,0,0,pata_opti
00001022,00002092,0,0,0,0,0,pata_amd
00001002,00004349,0,0,0,0,0,pata_atiixp
000010AD,00000105,0,0,0,0,0,pata_sl82c105
000010FC,00000003,0,0,0,0,0,pata_ninja32
00001103,00000004,0,0,0,0,0,pata_hpt366
00008086,00001230,0,0,0,0,0,pata_oldpiix
000010B9,00005281,0,0,0,0,0,sata_uli
0000100B,0000D001,0,0,0,0,0,pata_ns87410
00001095,00000242,0,0,0,0,0,sata_sil24
00001103,00000004,0,0,0,0,0,pata_hpt3x2n
*d*sv*sd,,,,,,,pata_acpi
00001331,00008201,0,0,0,0,0,pata_radisys
000011AB,00006101,0,0,0,0,0,pata_marvell
00008086,0000811A,0,0,0,0,0,pata_sch
0000105A,00001275,0,0,0,0,0,pata_pdc2027x
0000105A,00003318,0,0,0,0,0,sata_promise
00001002,0000436E,0,0,0,0,0,sata_sil
000010B9,00005228,0,0,0,0,0,pata_ali
00001101,00001622,0,0,0,0,0,sata_inic162x
00001524,00000510,0,0,0,0,0,cb710
00001AEA,00006601,0,0,0,0,0,alcor_pci
000010EC,00005209,0,0,FF,0,0,rtsx_pci
00001014,00000000,00000000,00000000,12,00,00,genwqe_card
000015AD,00000740,0,0,0,0,0,vmw_vmci
00000E11,0000B204,0,0,0,0,0,hpilo
0000104C,00008033,0,0,0,0,0,tifm_7xx1
00001014,0000010F,0,0,0,0,0,ibmasm
00001DA3,00000001,0,0,0,0,0,habanalabs
000010B5,00009050,000010B5,00009050,06,80,0,phantom
00008086,000002E0,0,0,0,0,0,mei-me
00008086,00000F18,0,0,0,0,0,mei-txe
00008086,00000A03,0,0,0,0,0,processor_thermal_device
00008086,000002F9,0,0,0,0,0,intel_pch_thermal
00001000,00000050,0,0,0,0,0,mptsas
00001000,00000030,0,0,0,0,0,mptspi
00001000,00000621,0,0,0,0,0,mptfc
00008086,00000F1C,0,0,0,0,0,lpc_ich
000010B5,00009030,000013C3,00000101,0,0,0,janz-cmodio
000017F3,00006030,0,0,0,0,0,rdc321x-southbridge
00008086,000002A8,0,0,0,0,0,intel-lpss-pci
00008086,00000934,0,0,0,0,0,intel_quark_i2c_gpio
00001106,00008409,0,0,0,0,0,vx855
0000126F,00000501,0,0,0,0,0,sm501
00008086,0000095E,0,0,0,0,0,lpc_sch
00001022,0000740B,0,0,0,0,0,i2c-amd756
00008086,00000817,0,0,0,0,0,i2c-designware-pci
00001002,00004353,0,0,0,0,0,i2c-piix4
00001106,00003050,0,0,0,0,0,i2c-viapro
00008086,000002A3,0,0,0,0,0,i2c-i801
00001039,00000016,0,0,0,0,0,i2c-sis96x
000010DE,*sv*sd*b,,,,,,i2c-nvidia-gpu
00001039,00000008,0,0,0,0,0,i2c-sis5595
00008086,00000C59,0,0,0,0,0,i2c-ismt
00001106,00003040,0,0,0,0,0,i2c-via
00001039,00000008,0,0,0,0,0,i2c-sis630
00001022,0000746A,0,0,0,0,0,i2c-amd8111
000010B9,00007101,0,0,0,0,0,i2c-ali15x3
000010B9,00001563,0,0,0,0,0,i2c-ali1563
000010DE,00000034,0,0,0,0,0,i2c-nforce2
00001022,000015E6,0,0,0,0,0,i2c-amd-mp2-pci
000010B9,00007101,0,0,0,0,0,i2c-ali1535
0000106B,00002001,0,0,0,0,0,nvme
00001127,00000300,0,0,0,0,0,fore_200e
0000111D,00000001,0,0,0,0,0,nicstar
0000119E,00000001,0,0,0,0,0,firestream
000010EE,00000300,0,0,0,0,0,solos-pci
00001193,00000001,0,0,0,0,0,zatm
00001127,00000400,0,0,0,0,0,he
0000111A,00000003,0,0,0,0,0,lanai
0000107E,00000008,0,0,0,0,0,iphase
0000111A,00000000,0,0,0,0,0,eni
0000111D,00000003,0,0,0,0,0,idt77252
000010B6,00001001,0,0,0,0,0,ambassador
000010B6,00001000,0,0,0,0,0,horizon
000014F2,00000123,0,0,09,00,0,pcips2
00001319,00000802,0,0,0,0,0,fm801-gp
00001102,00007002,0,0,0,0,0,emu10k1-gp
00008086,00000935,0,0,0,0,0,spi-pxa2xx-pci
00008086,00000800,0,0,0,0,0,spi-dw-pci
0000494F,000022C0,0,0,0,0,0,wdt_pci
000010B9,00001533,0,0,0,0,0,alim7101_wdt
00001002,00004385,0,0,0,0,0,sp5100_tco
00000E11,0000B203,0,0,0,0,0,hpwdt
000010B9,00001533,0,0,0,0,0,alim1535_wdt
000011E3,00005030,0,0,0,0,0,pcwd_pci
000010DE,00000264,0,0,0,0,0,nv_tco
00008086,000025AB,0,0,0,0,0,i6300esb
0000AECB,00006250,0,0,0,0,0,uio_aec
000010B5,00009030,00001518,00000430,0,0,0,uio_cif
0000186C,00000624,0,0,0,0,0,uio_mf624
000010B5,00009030,000010B5,00003235,0,0,0,uio_netx
000010E3,00000148,0,0,0,0,0,vme_tsi148
000010E3,00000000,0,0,0,0,0,vme_ca91cx42
00001172,*sv*sd*b,,,,,,altera-cvp
00008086,000009C4,0,0,0,0,0,dfl-pci
000011F8,00004000,0,0,05,80,00,switchtec
00001D0F,00000053,0,0,0,0,0,pci-pf-stub
00001138,00005550,0,0,0,0,0,cpcihp_zt5550
00008086,0000201D,0,0,0,0,0,vmd
00008086,000002C8,0,0,0,0,0,snd-sof-pci-intel-cnl
00008086,000043C8,0,0,0,0,0,snd-sof-pci-intel-tgl
00008086,0000119A,0,0,0,0,0,snd-sof-pci-intel-tng
00008086,000034C8,0,0,0,0,0,snd-sof-pci-intel-icl
00008086,00001A98,0,0,0,0,0,snd-sof-pci-intel-apl
00001022,000015E2,0,0,04,80,00,snd-pci-acp3x
00001022,000015E2,0,0,04,80,00,snd-rn-pci-acp3x
000010EE,00003FC0,0,0,0,0,0,snd-rme96
00001106,00003068,0,0,0,0,0,snd-via82xx-modem
00004005,00000300,0,0,0,0,0,snd-als300
000010C8,00008005,0,0,0,0,0,snd-nm256
00001102,00000005,0,0,0,0,0,snd-ctxfi
00001013,00006001,0,0,0,0,0,snd-cs46xx
00001369,00000001,0,0,0,0,0,snd-lola
0000104C,0000A106,0000175C,0,0,0,0,snd-asihpi
000010EE,00003FC5,0,0,0,0,0,snd-hdsp
000010EE,00003FC6,0,0,0,0,0,snd-hdspm
000010EE,00003FC4,0,0,0,0,0,snd-rme9652
000013F6,00008788,00001043,00008269,0,0,0,snd-virtuoso
000013F6,00008788,00001043,00008467,0,0,0,snd-oxygen
00001412,00001724,0,0,0,0,0,snd-ice1724
00001412,00001712,0,0,0,0,0,snd-ice1712
000010B5,0000906D,0,0,0,0,0,snd-korg1212
0000125D,00001969,0,0,0,0,0,snd-es1938
00001102,00000007,0,0,0,0,0,snd-ca0106
00001002,0000434D,0,0,0,0,0,snd-atiixp-modem
00001023,00002000,0,0,04,01,0,snd-trident
00001319,00000801,0,0,04,01,0,snd-fm801
0000127A,00004310,0,0,0,0,0,snd-riptide
00001131,00007146,00000000,00000000,0,0,0,snd-aw2
00005333,0000CA00,0,0,0,0,0,snd-sonicvibes
00004005,00004000,0,0,0,0,0,snd-als4000
0000EA60,00009896,0,0,0,0,0,snd-rme32
000010B9,00005451,0,0,0,0,0,snd-ali5451
00001022,00007446,0,0,0,0,0,snd-intel8x0m
00001057,00000003,0,0,0,0,0,snd-mixart
0000122D,000050DC,0,0,0,0,0,snd-azt3328
00001002,00004341,0,0,0,0,0,snd-atiixp
00001057,00003410,0000ECC0,00000090,0,0,0,snd-indigo
00001057,00003410,0000ECC0,000000B0,0,0,0,snd-indigodj
00001057,00001801,0000ECC0,00000070,0,0,0,snd-mona
00001057,00001801,0000ECC0,00000050,0,0,0,snd-gina24
00001057,00001801,0000ECC0,00000040,0,0,0,snd-darla24
00001057,00001801,0000ECC0,00000030,0,0,0,snd-layla20
00001057,00003410,0000ECC0,000000D0,0,0,0,snd-indigoiox
00001057,00001801,0000ECC0,00000020,0,0,0,snd-gina20
00001057,00001801,0000ECC0,00000010,0,0,0,snd-darla20
00001057,00003410,0000ECC0,000000A0,0,0,0,snd-indigoio
00001057,00003410,0000ECC0,00000100,0,0,0,snd-echo3g
00001057,00003410,0000ECC0,00000060,0,0,0,snd-layla24
00001057,00003410,0000ECC0,000000E0,0,0,0,snd-indigodjx
00001057,00003410,0000ECC0,00000080,0,0,0,snd-mia
0000109E,00000878,00000070,000013EB,0,0,0,snd-bt87x
000010B5,00009030,00001369,0,0,0,0,snd-vx222
00001013,00006005,0,0,0,0,0,snd-cs4281
00001073,00000004,0,0,0,0,0,snd-ymfpci
00001274,00005000,0,0,0,0,0,snd-ens1370
00001106,00003058,0,0,0,0,0,snd-via82xx
0000125D,00001968,0,0,04,01,0,snd-es1968
000012EB,00000003,0,0,0,0,0,snd-au8810
000012EB,00000002,0,0,0,0,0,snd-au8830
000012EB,00000001,0,0,0,0,0,snd-au8820
00001102,00000006,0,0,0,0,0,snd-emu10k1x
00001102,00000002,0,0,0,0,0,snd-emu10k1
000010B9,00000111,0,0,0,0,0,snd-cmipci
00001022,00007445,0,0,0,0,0,snd-intel8x0
000010B5,00009056,00001369,0000B021,0,0,0,snd-pcxhr
00001002,00000002,0,0,0,0,0,snd-hda-intel
000011D4,00001889,0,0,0,0,0,snd-ad1889
000010B5,00009056,00001369,0000C001,0,0,0,snd-lx6464es
0000125D,00001988,0,0,04,01,0,snd-maestro3
00001102,00008938,0,0,0,0,0,snd-ens1371
